{
  "fx": 1083.796828,
  "fy": 609.33918,
  "cx": 801.375952,
  "cy": 447.660913,
  "width": 1599,
  "height": 899
}
