{
  "fx": 1066.666667,
  "fy": 1066.666667,
  "cx": 800.0,
  "cy": 600.0,
  "width": 1600,
  "height": 1200
}
