{
  "fx": 2167.593657,
  "fy": 1218.67836,
  "cx": 1602.751904,
  "cy": 895.321826,
  "width": 3198,
  "height": 1798
}
