{
  "fx": 2133.333333,
  "fy": 2133.333333,
  "cx": 1600.0,
  "cy": 1200.0,
  "width": 3200,
  "height": 2400
}
